{"_wandb":{"runtime":226},"val_bpc":2.620643944640689,"sample_text":{"_type":"html-file","sha256":"5a53669dd3ada373ab9ba700670a5a043ad3b9cc9d36ce9898a05cf71ad45867","size":2117,"path":"media/html/sample_text_51_5a53669dd3ada373ab9b.html"},"_step":51,"iter":4999,"_runtime":226,"val_loss":1.816491961479187,"_timestamp":1.757732305727774e+09,"train_loss":1.6568973064422607,"lr":0.001}