{"val_loss":1.8187739849090576,"_timestamp":1.757713472042822e+09,"train_loss":1.6633697748184204,"val_bpc":2.623936208526156,"_step":51,"lr":0.001,"_runtime":193,"sample_text":{"sha256":"a00373994424389c5122a60da4ff0b7a079186e706136623979c865b6f96ca70","size":2117,"path":"media/html/sample_text_51_a00373994424389c5122.html","_type":"html-file"},"_wandb":{"runtime":193},"iter":4999}