{"_wandb":{"runtime":186},"val_bpc":2.131639826032336,"lr":0.001,"sample_text":{"size":517,"path":"media/html/sample_text_51_fa41de8015eeebee0394.html","_type":"html-file","sha256":"fa41de8015eeebee03940beed9273f35378991674fdab93aa07986ff56067741"},"iter":4999,"_step":51,"_timestamp":1.757735415820565e+09,"val_loss":1.477540135383606,"_runtime":186,"train_loss":1.4839756488800049}