{"train_loss":1.782568097114563,"val_loss":1.7696685791015625,"iter":4999,"_wandb":{"runtime":229},"_runtime":229,"lr":0.001,"sample_text":{"path":"media/html/sample_text_51_00b4a57c2c98ad177d5f.html","_type":"html-file","sha256":"00b4a57c2c98ad177d5fd4620cc52f10536f63558ae679d9016f4b828f99def1","size":2118},"_step":51,"val_bpc":2.5530920830868427,"_timestamp":1.7577325460813599e+09}