{"_wandb":{"runtime":150},"_timestamp":1.757732067222559e+09,"_step":40,"iter":4000,"val_loss":1.8526415824890137,"_runtime":150,"lr":0.001,"train_loss":1.7071609497070312,"val_bpc":2.6727968236015816}